image_path,pattern_family,dataset_source,original_split,augmentation_group,duplicate_group
data/deeplure/handloom_sarees/h_img_132981.jpg,unknown,handloom,,,
data/deeplure/handloom_sarees/h_img_149526.jpg,unknown,handloom,,,
data/deeplure/handloom_sarees/h_img_31665.jpg,unknown,handloom,,,
data/deeplure/handloom_sarees/h_img_34590.jpg,unknown,handloom,,,
data/deeplure/handloom_sarees/h_img_35259.jpg,unknown,handloom,,,
data/deeplure/handloom_sarees/h_img_44440.jpg,unknown,handloom,,,
data/deeplure/handloom_sarees/h_img_593526.jpg,unknown,handloom,,,
data/deeplure/handloom_sarees/h_img_76108.jpg,unknown,handloom,,,
data/deeplure/handloom_sarees/h_img_93057.jpg,unknown,handloom,,,
data/deeplure/handloom_sarees/img_106019.jpg,unknown,handloom,,,
data/deeplure/handloom_sarees/img_10959.jpg,unknown,handloom,,,
data/deeplure/handloom_sarees/img_110820.jpg,unknown,handloom,,,
data/deeplure/handloom_sarees/img_115196.jpg,unknown,handloom,,,
data/deeplure/handloom_sarees/img_120749.jpg,unknown,handloom,,,
data/deeplure/handloom_sarees/img_130255.jpg,unknown,handloom,,,
data/deeplure/handloom_sarees/img_142355.jpg,unknown,handloom,,,
data/deeplure/handloom_sarees/img_153688.jpg,unknown,handloom,,,
data/deeplure/handloom_sarees/img_172154.jpg,unknown,handloom,,,
data/deeplure/handloom_sarees/img_175884.jpg,unknown,handloom,,,
data/deeplure/handloom_sarees/img_180214.jpg,unknown,handloom,,,
data/deeplure/handloom_sarees/img_187840.jpg,unknown,handloom,,,
data/deeplure/handloom_sarees/img_221213.jpg,unknown,handloom,,,
data/deeplure/handloom_sarees/img_232079.jpg,unknown,handloom,,,
data/deeplure/handloom_sarees/img_239226.jpg,unknown,handloom,,,
data/deeplure/handloom_sarees/img_246391.jpg,unknown,handloom,,,
data/deeplure/handloom_sarees/img_246854.jpg,unknown,handloom,,,
data/deeplure/handloom_sarees/img_2469.jpg,unknown,handloom,,,
data/deeplure/handloom_sarees/img_257108.jpg,unknown,handloom,,,
data/deeplure/handloom_sarees/img_259893.jpg,unknown,handloom,,,
data/deeplure/handloom_sarees/img_260919.jpg,unknown,handloom,,,
data/deeplure/handloom_sarees/img_261444.jpg,unknown,handloom,,,
data/deeplure/handloom_sarees/img_26850.jpg,unknown,handloom,,,
data/deeplure/handloom_sarees/img_270633.jpg,unknown,handloom,,,
data/deeplure/handloom_sarees/img_275183.jpg,unknown,handloom,,,
data/deeplure/handloom_sarees/img_277936.jpg,unknown,handloom,,,
data/deeplure/handloom_sarees/img_284975.jpg,unknown,handloom,,,
data/deeplure/handloom_sarees/img_289910.jpg,unknown,handloom,,,
data/deeplure/handloom_sarees/img_307484.jpg,unknown,handloom,,,
data/deeplure/handloom_sarees/img_314642.jpg,unknown,handloom,,,
data/deeplure/handloom_sarees/img_316470.jpg,unknown,handloom,,,
data/deeplure/handloom_sarees/img_325344.jpg,unknown,handloom,,,
data/deeplure/handloom_sarees/img_32852.jpg,unknown,handloom,,,
data/deeplure/handloom_sarees/img_337700.jpg,unknown,handloom,,,
data/deeplure/handloom_sarees/img_339968.jpg,unknown,handloom,,,
data/deeplure/handloom_sarees/img_341437.jpg,unknown,handloom,,,
data/deeplure/handloom_sarees/img_346343.jpg,unknown,handloom,,,
data/deeplure/handloom_sarees/img_354459.jpg,unknown,handloom,,,
data/deeplure/handloom_sarees/img_357974.jpg,unknown,handloom,,,
data/deeplure/handloom_sarees/img_364174.jpg,unknown,handloom,,,
data/deeplure/handloom_sarees/img_364907.jpg,unknown,handloom,,,
data/deeplure/handloom_sarees/img_366604.jpg,unknown,handloom,,,
data/deeplure/handloom_sarees/img_369469.jpg,unknown,handloom,,,
data/deeplure/handloom_sarees/img_37489.jpg,unknown,handloom,,,
data/deeplure/handloom_sarees/img_381577.jpg,unknown,handloom,,,
data/deeplure/handloom_sarees/img_385960.jpg,unknown,handloom,,,
data/deeplure/handloom_sarees/img_386972.jpg,unknown,handloom,,,
data/deeplure/handloom_sarees/img_393000.jpg,unknown,handloom,,,
data/deeplure/handloom_sarees/img_399807.jpg,unknown,handloom,,,
data/deeplure/handloom_sarees/img_40145.jpg,unknown,handloom,,,
data/deeplure/handloom_sarees/img_403289.jpg,unknown,handloom,,,
data/deeplure/handloom_sarees/img_411083.jpg,unknown,handloom,,,
data/deeplure/handloom_sarees/img_413996.jpg,unknown,handloom,,,
data/deeplure/handloom_sarees/img_417511.jpg,unknown,handloom,,,
data/deeplure/handloom_sarees/img_429922.jpg,unknown,handloom,,,
data/deeplure/handloom_sarees/img_433250.jpg,unknown,handloom,,,
data/deeplure/handloom_sarees/img_442389.jpg,unknown,handloom,,,
data/deeplure/handloom_sarees/img_445986.jpg,unknown,handloom,,,
data/deeplure/handloom_sarees/img_447852.jpg,unknown,handloom,,,
data/deeplure/handloom_sarees/img_450212.jpg,unknown,handloom,,,
data/deeplure/handloom_sarees/img_458235.jpg,unknown,handloom,,,
data/deeplure/handloom_sarees/img_475101.jpg,unknown,handloom,,,
data/deeplure/handloom_sarees/img_475851.jpg,unknown,handloom,,,
data/deeplure/handloom_sarees/img_477984.jpg,unknown,handloom,,,
data/deeplure/handloom_sarees/img_478598.jpg,unknown,handloom,,,
data/deeplure/handloom_sarees/img_48234.jpg,unknown,handloom,,,
data/deeplure/handloom_sarees/img_48825.jpg,unknown,handloom,,,
data/deeplure/handloom_sarees/img_489839.jpg,unknown,handloom,,,
data/deeplure/handloom_sarees/img_519993.jpg,unknown,handloom,,,
data/deeplure/handloom_sarees/img_524137.jpg,unknown,handloom,,,
data/deeplure/handloom_sarees/img_526657.jpg,unknown,handloom,,,
data/deeplure/handloom_sarees/img_529952.jpg,unknown,handloom,,,
data/deeplure/handloom_sarees/img_540343.jpg,unknown,handloom,,,
data/deeplure/handloom_sarees/img_541390.jpg,unknown,handloom,,,
data/deeplure/handloom_sarees/img_5447.jpg,unknown,handloom,,,
data/deeplure/handloom_sarees/img_54863.jpg,unknown,handloom,,,
data/deeplure/handloom_sarees/img_556574.jpg,unknown,handloom,,,
data/deeplure/handloom_sarees/img_55880.jpg,unknown,handloom,,,
data/deeplure/handloom_sarees/img_565213.jpg,unknown,handloom,,,
data/deeplure/handloom_sarees/img_568910.jpg,unknown,handloom,,,
data/deeplure/handloom_sarees/img_578081.jpg,unknown,handloom,,,
data/deeplure/handloom_sarees/img_578936.jpg,unknown,handloom,,,
data/deeplure/handloom_sarees/img_57969.jpg,unknown,handloom,,,
data/deeplure/handloom_sarees/img_583723.jpg,unknown,handloom,,,
data/deeplure/handloom_sarees/img_586052.jpg,unknown,handloom,,,
data/deeplure/handloom_sarees/img_586537.jpg,unknown,handloom,,,
data/deeplure/handloom_sarees/img_590289.jpg,unknown,handloom,,,
data/deeplure/handloom_sarees/img_591020.jpg,unknown,handloom,,,
data/deeplure/handloom_sarees/img_602896.jpg,unknown,handloom,,,
data/deeplure/handloom_sarees/img_614731.jpg,unknown,handloom,,,
data/deeplure/handloom_sarees/img_61951.jpg,unknown,handloom,,,
data/deeplure/handloom_sarees/img_632748.jpg,unknown,handloom,,,
data/deeplure/handloom_sarees/img_635336.jpg,unknown,handloom,,,
data/deeplure/handloom_sarees/img_635738.jpg,unknown,handloom,,,
data/deeplure/handloom_sarees/img_635895.jpg,unknown,handloom,,,
data/deeplure/handloom_sarees/img_636938.jpg,unknown,handloom,,,
data/deeplure/handloom_sarees/img_638094.jpg,unknown,handloom,,,
data/deeplure/handloom_sarees/img_642784.jpg,unknown,handloom,,,
data/deeplure/handloom_sarees/img_643949.jpg,unknown,handloom,,,
data/deeplure/handloom_sarees/img_648754.jpg,unknown,handloom,,,
data/deeplure/handloom_sarees/img_649782.jpg,unknown,handloom,,,
data/deeplure/handloom_sarees/img_65263.jpg,unknown,handloom,,,
data/deeplure/handloom_sarees/img_667809.jpg,unknown,handloom,,,
data/deeplure/handloom_sarees/img_669675.jpg,unknown,handloom,,,
data/deeplure/handloom_sarees/img_67123.jpg,unknown,handloom,,,
data/deeplure/handloom_sarees/img_677180.jpg,unknown,handloom,,,
data/deeplure/handloom_sarees/img_678178.jpg,unknown,handloom,,,
data/deeplure/handloom_sarees/img_678193.jpg,unknown,handloom,,,
data/deeplure/handloom_sarees/img_68235.jpg,unknown,handloom,,,
data/deeplure/handloom_sarees/img_688109.jpg,unknown,handloom,,,
data/deeplure/handloom_sarees/img_694883.jpg,unknown,handloom,,,
data/deeplure/handloom_sarees/img_710186.jpg,unknown,handloom,,,
data/deeplure/handloom_sarees/img_7150.jpg,unknown,handloom,,,
data/deeplure/handloom_sarees/img_718326.jpg,unknown,handloom,,,
data/deeplure/handloom_sarees/img_726717.jpg,unknown,handloom,,,
data/deeplure/handloom_sarees/img_738703.jpg,unknown,handloom,,,
data/deeplure/handloom_sarees/img_741740.jpg,unknown,handloom,,,
data/deeplure/handloom_sarees/img_744464.jpg,unknown,handloom,,,
data/deeplure/handloom_sarees/img_746861.jpg,unknown,handloom,,,
data/deeplure/handloom_sarees/img_748887.jpg,unknown,handloom,,,
data/deeplure/handloom_sarees/img_764354.jpg,unknown,handloom,,,
data/deeplure/handloom_sarees/img_770334.jpg,unknown,handloom,,,
data/deeplure/handloom_sarees/img_776505.jpg,unknown,handloom,,,
data/deeplure/handloom_sarees/img_789127.jpg,unknown,handloom,,,
data/deeplure/handloom_sarees/img_801823.jpg,unknown,handloom,,,
data/deeplure/handloom_sarees/img_804542.jpg,unknown,handloom,,,
data/deeplure/handloom_sarees/img_808059.jpg,unknown,handloom,,,
data/deeplure/handloom_sarees/img_82256.jpg,unknown,handloom,,,
data/deeplure/handloom_sarees/img_822729.jpg,unknown,handloom,,,
data/deeplure/handloom_sarees/img_828414.jpg,unknown,handloom,,,
data/deeplure/handloom_sarees/img_834923.jpg,unknown,handloom,,,
data/deeplure/handloom_sarees/img_845893.jpg,unknown,handloom,,,
data/deeplure/handloom_sarees/img_85121.jpg,unknown,handloom,,,
data/deeplure/handloom_sarees/img_86754.jpg,unknown,handloom,,,
data/deeplure/handloom_sarees/img_874118.jpg,unknown,handloom,,,
data/deeplure/handloom_sarees/img_881252.jpg,unknown,handloom,,,
data/deeplure/handloom_sarees/img_884336.jpg,unknown,handloom,,,
data/deeplure/handloom_sarees/img_889324.jpg,unknown,handloom,,,
data/deeplure/handloom_sarees/img_892336.jpg,unknown,handloom,,,
data/deeplure/handloom_sarees/img_895368.jpg,unknown,handloom,,,
data/deeplure/handloom_sarees/img_897203.jpg,unknown,handloom,,,
data/deeplure/handloom_sarees/img_90832.jpg,unknown,handloom,,,
data/deeplure/handloom_sarees/img_915919.jpg,unknown,handloom,,,
data/deeplure/handloom_sarees/img_917853.jpg,unknown,handloom,,,
data/deeplure/handloom_sarees/img_927463.jpg,unknown,handloom,,,
data/deeplure/handloom_sarees/img_927947.jpg,unknown,handloom,,,
data/deeplure/handloom_sarees/img_94825.jpg,unknown,handloom,,,
data/deeplure/handloom_sarees/img_955789.jpg,unknown,handloom,,,
data/deeplure/handloom_sarees/img_960789.jpg,unknown,handloom,,,
data/deeplure/handloom_sarees/img_961476.jpg,unknown,handloom,,,
data/deeplure/handloom_sarees/img_966256.jpg,unknown,handloom,,,
data/deeplure/handloom_sarees/img_978752.jpg,unknown,handloom,,,
data/deeplure/handloom_sarees/img_981759.jpg,unknown,handloom,,,
data/deeplure/handloom_sarees/img_982056.jpg,unknown,handloom,,,
data/deeplure/handloom_sarees/img_987571.jpg,unknown,handloom,,,
data/deeplure/handloom_sarees/img_987632.jpg,unknown,handloom,,,
