duplicate_group,image_path,md5
dup_0000,data/indian_saree/train/Bandhani/20210407_103036-480x480_jpg.rf.0edc4da9daa1694820add04d2e201a8c.jpg,a81fde62ce0f377cf2d70045e7d47dc9
dup_0000,data/indian_saree/train/Bandhani/20210407_103036-480x480_jpg.rf.92f83d9aaf59296fb89fe59689a46491.jpg,a81fde62ce0f377cf2d70045e7d47dc9
dup_0001,data/indian_saree/train/Bandhani/image31_jpeg.rf.4b66acafcab415052bf7c3606ee45982.jpg,4b62c137c8dd3af3709d8ed82a82073f
dup_0001,data/indian_saree/train/Bandhani/image31_jpeg.rf.e4507719b75e91abc905d77fa95a28ae.jpg,4b62c137c8dd3af3709d8ed82a82073f
dup_0002,data/indian_saree/train/Ikat/f23-3_28011e9d-4d11-40a8-8ead-d1570fd16907_1200x_jpg.rf.31af75e0f1f0c84aec1abcb68c0a0fe8.jpg,131cbf276c9b9962420b95ae776a6bce
dup_0002,data/indian_saree/train/Ikat/f23-3_28011e9d-4d11-40a8-8ead-d1570fd16907_1200x_jpg.rf.6050478d7b0904ac25be3ba6ed3166f7.jpg,131cbf276c9b9962420b95ae776a6bce
dup_0003,data/indian_saree/train/Pichwai/fab-14050_800x_jpg.rf.804e68a7cceccad74c6f0d61f82eb516.jpg,f62b9bf71b003f73b7a04e93e4ad8f5b
dup_0003,data/indian_saree/train/Pichwai/fab-14050_800x_jpg.rf.b7a1c91973f41ebc94a1d2f8d6a6798e.jpg,f62b9bf71b003f73b7a04e93e4ad8f5b
dup_0004,data/indian_saree/train/Pichwai/Instagrampost-251_800x_png.rf.07dba6d6ab9c7b805e4a4fa7e8586490.jpg,a283c2ceb8fd2d0d59b4fb4511e22e99
dup_0004,data/indian_saree/train/Pichwai/Instagrampost-251_800x_png.rf.9a9325ebcb2dd24bc837901c647108ab.jpg,a283c2ceb8fd2d0d59b4fb4511e22e99
