image_path,design_id,dataset_source,original_split,pattern_family,width,height,md5,heuristic_color
data/deeplure/handloom_sarees/h_img_132981.jpg,,handloom,,unknown,1511,1512,b5ccd3feace1b7dc64c4e32bc876833b,
data/deeplure/handloom_sarees/h_img_149526.jpg,,handloom,,unknown,730,730,2e134f995277535bfab1c3131ec21182,
data/deeplure/handloom_sarees/h_img_31665.jpg,,handloom,,unknown,1512,1512,ce161d60b0c2188e9279dafc8a449617,
data/deeplure/handloom_sarees/h_img_34590.jpg,,handloom,,unknown,1185,1185,f230a08fe742aeadd94d88f20af9817a,
data/deeplure/handloom_sarees/h_img_35259.jpg,,handloom,,unknown,1259,1259,305a28e044784d40d7b4f9cc418f6bae,
data/deeplure/handloom_sarees/h_img_44440.jpg,,handloom,,unknown,1367,1366,bec45568ee208aafe09bbed216e9c6e9,
data/deeplure/handloom_sarees/h_img_593526.jpg,,handloom,,unknown,610,610,ec7ae0f2ad5eb0e240f07f7a43a5fc9c,
data/deeplure/handloom_sarees/h_img_76108.jpg,,handloom,,unknown,875,874,09f375d8e9b09ee82cd0f5a7e1a86c9b,
data/deeplure/handloom_sarees/h_img_93057.jpg,,handloom,,unknown,1286,1286,e7624436c149ae4cfcf6b56f0f1d2373,
data/deeplure/handloom_sarees/img_106019.jpg,,handloom,,unknown,589,589,ca426cdfcbd40523deed262f8a82d58f,
data/deeplure/handloom_sarees/img_10959.jpg,,handloom,,unknown,486,486,e56ade1131eddbd8299fe7a3f7147040,
data/deeplure/handloom_sarees/img_110820.jpg,,handloom,,unknown,708,707,a4cee055fff2f16ca9e5a6d415e0d2a8,
data/deeplure/handloom_sarees/img_115196.jpg,,handloom,,unknown,631,632,417b50104b7f5008e87bfc83a113758f,
data/deeplure/handloom_sarees/img_120749.jpg,,handloom,,unknown,1511,1512,634c9aadb01e56b462c9dfb80203a458,
data/deeplure/handloom_sarees/img_130255.jpg,,handloom,,unknown,893,893,7e3f9dfad6397069345ebe58a97f9a7e,
data/deeplure/handloom_sarees/img_142355.jpg,,handloom,,unknown,1511,1512,ca16ed4d1da3a9f181984fcf5780c543,
data/deeplure/handloom_sarees/img_153688.jpg,,handloom,,unknown,631,631,f3d56140972f2c94a0e8f24fefc0b90d,
data/deeplure/handloom_sarees/img_172154.jpg,,handloom,,unknown,471,470,aa1dd85b6ce713a695e71f19c5bbf5b5,
data/deeplure/handloom_sarees/img_175884.jpg,,handloom,,unknown,986,985,7d2ea2bcaf67dc111c04f6f32c3d339d,
data/deeplure/handloom_sarees/img_180214.jpg,,handloom,,unknown,581,581,6b393b4c4df49f1b78dec1a219476150,
data/deeplure/handloom_sarees/img_187840.jpg,,handloom,,unknown,471,471,4b1e1f4806f41adb617ccc558600bbf3,
data/deeplure/handloom_sarees/img_221213.jpg,,handloom,,unknown,908,908,49a82eedb414a3d8d22007615e52c9c9,
data/deeplure/handloom_sarees/img_232079.jpg,,handloom,,unknown,1085,1085,371edf122cd16c151bbca5545b4be54d,
data/deeplure/handloom_sarees/img_239226.jpg,,handloom,,unknown,908,908,5c169252421f2e923eb39be27d3eac1b,
data/deeplure/handloom_sarees/img_246391.jpg,,handloom,,unknown,632,631,99a4203163acad6b0a3743e12a230c4e,
data/deeplure/handloom_sarees/img_246854.jpg,,handloom,,unknown,641,642,e999afaed8c424d6e0a3ff2962a963f5,
data/deeplure/handloom_sarees/img_2469.jpg,,handloom,,unknown,642,641,ff9367b210cb5bda610fd32921aeb90a,
data/deeplure/handloom_sarees/img_257108.jpg,,handloom,,unknown,610,610,eff41df77b958cb72d5df755bc4f9ee2,
data/deeplure/handloom_sarees/img_259893.jpg,,handloom,,unknown,664,885,93023b98edeacbb2f6849b12361e4bd1,
data/deeplure/handloom_sarees/img_260919.jpg,,handloom,,unknown,641,641,835c9fbb0807b780d8de50d6c7a68c56,
data/deeplure/handloom_sarees/img_261444.jpg,,handloom,,unknown,610,610,41dd1ddcbd9f0c2e26bee13f205f97d0,
data/deeplure/handloom_sarees/img_26850.jpg,,handloom,,unknown,1375,1376,539cdb94c06f5163981344e1832d143b,
data/deeplure/handloom_sarees/img_270633.jpg,,handloom,,unknown,875,875,6f39ff5c1f62bf376db858b799f2372d,
data/deeplure/handloom_sarees/img_275183.jpg,,handloom,,unknown,485,485,45d2bba6ed24c61e9d9c4b19a270519f,
data/deeplure/handloom_sarees/img_277936.jpg,,handloom,,unknown,1285,1286,985c02b5addc588251dfb0f24789f69b,
data/deeplure/handloom_sarees/img_284975.jpg,,handloom,,unknown,919,919,11ddae4cb8cb0851f40c164b6f7b64fe,
data/deeplure/handloom_sarees/img_289910.jpg,,handloom,,unknown,1285,1286,be6d77a73bed31b7c9d6444659593899,
data/deeplure/handloom_sarees/img_307484.jpg,,handloom,,unknown,893,893,f1fd663a5c116c2d64b773885507638f,
data/deeplure/handloom_sarees/img_314642.jpg,,handloom,,unknown,629,629,4f595d793fddb10e5dfc7c5df5183233,
data/deeplure/handloom_sarees/img_316470.jpg,,handloom,,unknown,662,662,feda7a74d93fbf065cba216e28deafcb,
data/deeplure/handloom_sarees/img_325344.jpg,,handloom,,unknown,893,893,fcdc9995e85c834f0475477099ba1c42,
data/deeplure/handloom_sarees/img_32852.jpg,,handloom,,unknown,642,641,8d8d8440fecbaf5b105323fa05048e09,
data/deeplure/handloom_sarees/img_337700.jpg,,handloom,,unknown,656,655,993568a58aebe02905c28f2a6f8b25d7,
data/deeplure/handloom_sarees/img_339968.jpg,,handloom,,unknown,985,986,eb6d051add279ee2df0b24ca5bf0d21d,
data/deeplure/handloom_sarees/img_341437.jpg,,handloom,,unknown,1376,1376,b2ecdea4fc6ee42bed73121dd4ee751d,
data/deeplure/handloom_sarees/img_346343.jpg,,handloom,,unknown,1086,1085,23dd173080cadac5edb08cd7d374be7c,
data/deeplure/handloom_sarees/img_354459.jpg,,handloom,,unknown,1511,1512,14b513d5625fc73c4264372440ee292c,
data/deeplure/handloom_sarees/img_357974.jpg,,handloom,,unknown,662,662,1ea224f6edda7778a92e3ad1c9f5cf18,
data/deeplure/handloom_sarees/img_364174.jpg,,handloom,,unknown,908,907,406711d58c61fd9de8c4514efee1b687,
data/deeplure/handloom_sarees/img_364907.jpg,,handloom,,unknown,589,590,f6dd8d61462bf6e7e75aa7085dce4847,
data/deeplure/handloom_sarees/img_366604.jpg,,handloom,,unknown,662,662,99bc9e93a0501848f9cfa6f0151eafbf,
data/deeplure/handloom_sarees/img_369469.jpg,,handloom,,unknown,656,655,f4edbc49949aeb38246810b6b30e8f1b,
data/deeplure/handloom_sarees/img_37489.jpg,,handloom,,unknown,919,919,842c5798745edab2f5008e0d38f47b28,
data/deeplure/handloom_sarees/img_381577.jpg,,handloom,,unknown,610,610,9af2f35e95bd1585647837a39f316f8b,
data/deeplure/handloom_sarees/img_385960.jpg,,handloom,,unknown,708,707,5653cd28d397d28a4cbb4a267a5b90ee,
data/deeplure/handloom_sarees/img_386972.jpg,,handloom,,unknown,589,590,f233daa6e25f956303e69baa650d1b73,
data/deeplure/handloom_sarees/img_393000.jpg,,handloom,,unknown,567,567,4db48a7a106bc8d7f5711a3e2ff1a594,
data/deeplure/handloom_sarees/img_399807.jpg,,handloom,,unknown,1185,1185,2e2fa1b0b022d6c1b0852ffad583fe7a,
data/deeplure/handloom_sarees/img_40145.jpg,,handloom,,unknown,486,485,d4060f3b77c29f881a1f364f37403510,
data/deeplure/handloom_sarees/img_403289.jpg,,handloom,,unknown,226,226,7567b0506e3235449b76b8d4cf1d83df,
data/deeplure/handloom_sarees/img_411083.jpg,,handloom,,unknown,730,730,278c1dd00296f6d237dbe7f32e643e37,
data/deeplure/handloom_sarees/img_413996.jpg,,handloom,,unknown,598,598,72af0c3e21204e676df9fafa4e345c32,
data/deeplure/handloom_sarees/img_417511.jpg,,handloom,,unknown,1367,1367,8ba152559b253ede1bef31becda662d3,
data/deeplure/handloom_sarees/img_429922.jpg,,handloom,,unknown,642,642,e9d78c3eee557820d8993c7765b42013,
data/deeplure/handloom_sarees/img_433250.jpg,,handloom,,unknown,227,227,bb8e622d705a2bd146dc54576e0d5e01,
data/deeplure/handloom_sarees/img_442389.jpg,,handloom,,unknown,632,632,65842dfab32a6e1deb1692963d7f8a9b,
data/deeplure/handloom_sarees/img_445986.jpg,,handloom,,unknown,1186,1185,c24462a2b132f61dbbac23f80adef777,
data/deeplure/handloom_sarees/img_447852.jpg,,handloom,,unknown,1511,1512,2d5858f4a8da0f27afb39d59c34e713e,
data/deeplure/handloom_sarees/img_450212.jpg,,handloom,,unknown,598,598,c0894301031a4647977da1d6005de72d,
data/deeplure/handloom_sarees/img_458235.jpg,,handloom,,unknown,227,227,c8b780b7cb7361c2124adb0f880f3280,
data/deeplure/handloom_sarees/img_475101.jpg,,handloom,,unknown,1285,1286,4fea85a90882e2407f47eb965f4e9d2d,
data/deeplure/handloom_sarees/img_475851.jpg,,handloom,,unknown,582,582,3984caddfe8aa8a77ec2a07862490e4d,
data/deeplure/handloom_sarees/img_477984.jpg,,handloom,,unknown,598,598,60dd73828d7c4595aab1087570ce5392,
data/deeplure/handloom_sarees/img_478598.jpg,,handloom,,unknown,894,894,8a89cdaa4879348945fc68e31b00d3ae,
data/deeplure/handloom_sarees/img_48234.jpg,,handloom,,unknown,553,553,c68d957e930ab94406cd7ef74fd8e6da,
data/deeplure/handloom_sarees/img_48825.jpg,,handloom,,unknown,1511,1512,5772c162e858c9a883fc4a21e2e628dd,
data/deeplure/handloom_sarees/img_489839.jpg,,handloom,,unknown,1260,1259,53eec43332d6ef1eca597ec65a515051,
data/deeplure/handloom_sarees/img_519993.jpg,,handloom,,unknown,589,589,b92d3aefe70c6f7c38e0d52a8a416db0,
data/deeplure/handloom_sarees/img_524137.jpg,,handloom,,unknown,919,919,46e1dd6d38c6ce21d2c6ffb2118dce55,
data/deeplure/handloom_sarees/img_526657.jpg,,handloom,,unknown,553,553,2b29726e21cb21076d0239f02141a46f,
data/deeplure/handloom_sarees/img_529952.jpg,,handloom,,unknown,664,885,f9dd9e87642b51ed7295c12477433f26,
data/deeplure/handloom_sarees/img_540343.jpg,,handloom,,unknown,656,656,1ef6619a2f28cc8a1b75bc5da5d51b7d,
data/deeplure/handloom_sarees/img_541390.jpg,,handloom,,unknown,1376,1376,05f2b8c83e488b93d9ef7aa2db3c2386,
data/deeplure/handloom_sarees/img_5447.jpg,,handloom,,unknown,554,554,c57b09ae44b86d0f6766bcac34e85b1a,
data/deeplure/handloom_sarees/img_54863.jpg,,handloom,,unknown,493,494,962409c234d54acc848d224e911dcaa4,
data/deeplure/handloom_sarees/img_556574.jpg,,handloom,,unknown,485,485,677cdeef8add47497e7bd4001e4e05e3,
data/deeplure/handloom_sarees/img_55880.jpg,,handloom,,unknown,629,629,dd283ee8e2823e992cb7bafb4196eb88,
data/deeplure/handloom_sarees/img_565213.jpg,,handloom,,unknown,641,641,35d77eadd71694b0c87ae86417fb7fab,
data/deeplure/handloom_sarees/img_568910.jpg,,handloom,,unknown,730,730,d78f7f45f100941b372c06884c503c0f,
data/deeplure/handloom_sarees/img_578081.jpg,,handloom,,unknown,493,493,65bdb58513b11752fa0b67c37c585814,
data/deeplure/handloom_sarees/img_578936.jpg,,handloom,,unknown,1286,1286,aa24f1bd16d603b58d81e766a841e2fa,
data/deeplure/handloom_sarees/img_57969.jpg,,handloom,,unknown,566,566,19298a7cace77d77eb092775c9efad36,
data/deeplure/handloom_sarees/img_583723.jpg,,handloom,,unknown,629,629,4f67bd7133e9f2d53314893c5ccfee22,
data/deeplure/handloom_sarees/img_586052.jpg,,handloom,,unknown,590,589,2f34dbd68fd44c720669c21062fe14b2,
data/deeplure/handloom_sarees/img_586537.jpg,,handloom,,unknown,629,629,b7fec2c39e7d90deb8602dc1c7b46f63,
data/deeplure/handloom_sarees/img_590289.jpg,,handloom,,unknown,471,471,5f2749f9f18b42f07faea7ea239f72e3,
data/deeplure/handloom_sarees/img_591020.jpg,,handloom,,unknown,662,662,ae6ead2f0a889bb0dfcc3f5b403eb93c,
data/deeplure/handloom_sarees/img_602896.jpg,,handloom,,unknown,590,589,9f531f89318927b4a41218bf04f79546,
data/deeplure/handloom_sarees/img_614731.jpg,,handloom,,unknown,1086,1086,848652466f6bde837358ed5da7d057c5,
data/deeplure/handloom_sarees/img_61951.jpg,,handloom,,unknown,656,655,631d88c744e8292aaac67dc03c1a9844,
data/deeplure/handloom_sarees/img_632748.jpg,,handloom,,unknown,227,227,6925fd6ab0086406aca9d87a5511712c,
data/deeplure/handloom_sarees/img_635336.jpg,,handloom,,unknown,598,598,6d6ccdb6c0b707bff98c14f73221c64e,
data/deeplure/handloom_sarees/img_635738.jpg,,handloom,,unknown,1085,1085,352e5f88951086954770b96ef59dc04b,
data/deeplure/handloom_sarees/img_635895.jpg,,handloom,,unknown,1375,1376,ecba42ba94b0b4c6d6515c2099d40c46,
data/deeplure/handloom_sarees/img_636938.jpg,,handloom,,unknown,567,567,f10cf23507418e4022d1b46a5fb464e6,
data/deeplure/handloom_sarees/img_638094.jpg,,handloom,,unknown,590,589,31a8759aa310a4fe05c5b688c45f9101,
data/deeplure/handloom_sarees/img_642784.jpg,,handloom,,unknown,656,656,108f397ff3b568b3acbebfcb5f09e97f,
data/deeplure/handloom_sarees/img_643949.jpg,,handloom,,unknown,664,886,2e5699d349a61c7acee348e7bda362ac,
data/deeplure/handloom_sarees/img_648754.jpg,,handloom,,unknown,598,598,e939fd24402dd1d16605476db89e06d3,
data/deeplure/handloom_sarees/img_649782.jpg,,handloom,,unknown,630,630,6e4016b8dc16f6606012a2bdf9282217,
data/deeplure/handloom_sarees/img_65263.jpg,,handloom,,unknown,1368,1367,37a684db2d659b1d5f1ea338039700d4,
data/deeplure/handloom_sarees/img_667809.jpg,,handloom,,unknown,874,874,8b5c1f1532e3d28d976bab01fd6a3fcb,
data/deeplure/handloom_sarees/img_669675.jpg,,handloom,,unknown,730,730,d74599c91a3dcb1680275ca93c58526b,
data/deeplure/handloom_sarees/img_67123.jpg,,handloom,,unknown,908,907,6e179bd8635eeb2eeaa2eed79c3a8210,
data/deeplure/handloom_sarees/img_677180.jpg,,handloom,,unknown,470,471,71dfd976e44fe31c1eaa5a55522b911d,
data/deeplure/handloom_sarees/img_678178.jpg,,handloom,,unknown,1512,1512,0739944b7714cebaf9bc186e7e77fe56,
data/deeplure/handloom_sarees/img_678193.jpg,,handloom,,unknown,1367,1367,9e1297c8e7321aff5816238a353c684b,
data/deeplure/handloom_sarees/img_68235.jpg,,handloom,,unknown,1085,1086,c1494de3ffe3fb1a646932e38567a876,
data/deeplure/handloom_sarees/img_688109.jpg,,handloom,,unknown,493,493,e36deacd65ea514be8a43a2a5a5132c9,
data/deeplure/handloom_sarees/img_694883.jpg,,handloom,,unknown,1259,1260,2afcaf8cbd0d14680353b8341beb19f9,
data/deeplure/handloom_sarees/img_710186.jpg,,handloom,,unknown,471,470,13b899a8ddd89446351d1c2969236a95,
data/deeplure/handloom_sarees/img_7150.jpg,,handloom,,unknown,485,486,4a9191326066ae12aa42abb014b49b41,
data/deeplure/handloom_sarees/img_718326.jpg,,handloom,,unknown,708,708,e63021b68ecc6cde381e54ff5eb49de6,
data/deeplure/handloom_sarees/img_726717.jpg,,handloom,,unknown,582,581,421e31877dc6ceee231245846a539938,
data/deeplure/handloom_sarees/img_738703.jpg,,handloom,,unknown,730,730,d60d4a58de011406ab7281f0286d87de,
data/deeplure/handloom_sarees/img_741740.jpg,,handloom,,unknown,631,631,c2d8d062bd30d9bbd2ec960325c88b93,
data/deeplure/handloom_sarees/img_744464.jpg,,handloom,,unknown,1185,1186,dcce5374514eade078a42fe42a2165dc,
data/deeplure/handloom_sarees/img_746861.jpg,,handloom,,unknown,494,493,66057885f2f277fe57b54486ea99243a,
data/deeplure/handloom_sarees/img_748887.jpg,,handloom,,unknown,1186,1186,925c5135e5d47bc90457e66418fafb59,
data/deeplure/handloom_sarees/img_764354.jpg,,handloom,,unknown,985,985,077859fb18c4eef5af560b841f927b26,
data/deeplure/handloom_sarees/img_770334.jpg,,handloom,,unknown,664,885,f24c96e4a8ef42d7c6b18779b8de53ff,
data/deeplure/handloom_sarees/img_776505.jpg,,handloom,,unknown,581,582,97135bef0932f019b960915844f92578,
data/deeplure/handloom_sarees/img_789127.jpg,,handloom,,unknown,1259,1259,9cb7e1812162044fce4b40cc9d2fdfa6,
data/deeplure/handloom_sarees/img_801823.jpg,,handloom,,unknown,664,886,e9db842f18c6d9822f900083c2e34702,
data/deeplure/handloom_sarees/img_804542.jpg,,handloom,,unknown,641,641,0c64dba1298cf286578e9572bef459b8,
data/deeplure/handloom_sarees/img_808059.jpg,,handloom,,unknown,227,227,c1fc35453d514a9ee68f65c20653ba83,
data/deeplure/handloom_sarees/img_82256.jpg,,handloom,,unknown,1368,1367,0d6ed6759ede7ac1ef9a9ed8308ccf37,
data/deeplure/handloom_sarees/img_822729.jpg,,handloom,,unknown,581,581,a72981c67e67ea9bbb56904d2de08875,
data/deeplure/handloom_sarees/img_828414.jpg,,handloom,,unknown,589,589,7a81c8e2666e00310b2c08df5016dbd9,
data/deeplure/handloom_sarees/img_834923.jpg,,handloom,,unknown,1375,1376,07fb566fdd880a61ca9498c1b8bf2a6b,
data/deeplure/handloom_sarees/img_845893.jpg,,handloom,,unknown,610,610,2da0b39622a33c80d1189fce281f7ca1,
data/deeplure/handloom_sarees/img_85121.jpg,,handloom,,unknown,590,589,c0df8f7a5fcc82cfcb73f50b7573ae93,
data/deeplure/handloom_sarees/img_86754.jpg,,handloom,,unknown,553,553,1c0a542393affe5e8d6e2534de8fb8cf,
data/deeplure/handloom_sarees/img_874118.jpg,,handloom,,unknown,708,707,b544cf60a63b8afed118e3bbfae6f68a,
data/deeplure/handloom_sarees/img_881252.jpg,,handloom,,unknown,874,875,d42350ac68c734ff423a28ceb88de692,
data/deeplure/handloom_sarees/img_884336.jpg,,handloom,,unknown,1512,1512,91d147af4c39b8eb2c33446acec1c7f1,
data/deeplure/handloom_sarees/img_889324.jpg,,handloom,,unknown,567,567,27427b02f1486274c368036fdcf59791,
data/deeplure/handloom_sarees/img_892336.jpg,,handloom,,unknown,589,589,76fd963b9cd572acf12e0a589318fba1,
data/deeplure/handloom_sarees/img_895368.jpg,,handloom,,unknown,641,641,f95e97dbf8bca8982b16efe800f294d8,
data/deeplure/handloom_sarees/img_897203.jpg,,handloom,,unknown,553,553,632da24f1935c1eca57bde35a6c80d86,
data/deeplure/handloom_sarees/img_90832.jpg,,handloom,,unknown,1260,1260,5e5b540880a5724cd25a82e2e8b2b0f0,
data/deeplure/handloom_sarees/img_915919.jpg,,handloom,,unknown,875,875,125cbbc4ed7edd972361b7ca028cecd8,
data/deeplure/handloom_sarees/img_917853.jpg,,handloom,,unknown,708,708,2a8252ae96fbab22a35e20c48f8fdd23,
data/deeplure/handloom_sarees/img_927463.jpg,,handloom,,unknown,641,641,4bf9a451ffc66d4ec436c759c7d4aa32,
data/deeplure/handloom_sarees/img_927947.jpg,,handloom,,unknown,908,907,65a2245d6f9455ff7fca9e30ebcb1284,
data/deeplure/handloom_sarees/img_94825.jpg,,handloom,,unknown,662,662,20d6f17ddd9ea7e2d60472a946802275,
data/deeplure/handloom_sarees/img_955789.jpg,,handloom,,unknown,641,641,35b50023f78c63437e2365834571052d,
data/deeplure/handloom_sarees/img_960789.jpg,,handloom,,unknown,1512,1512,559291c09663645f2db40e1b44ac4ecd,
data/deeplure/handloom_sarees/img_961476.jpg,,handloom,,unknown,986,986,b95e6d127efe9c3f86b3f1423e2733b2,
data/deeplure/handloom_sarees/img_966256.jpg,,handloom,,unknown,494,493,2c80e9c5ffe7dfa94dcd15531024709a,
data/deeplure/handloom_sarees/img_978752.jpg,,handloom,,unknown,985,985,9d0d708f9aef12fcce3ac7af9159d8fa,
data/deeplure/handloom_sarees/img_981759.jpg,,handloom,,unknown,893,893,45ace8975ef4690733c0fd8325ccea26,
data/deeplure/handloom_sarees/img_982056.jpg,,handloom,,unknown,567,567,2b64b39b86f631f97308422baae8fa3d,
data/deeplure/handloom_sarees/img_987571.jpg,,handloom,,unknown,918,918,e19764415792332ccfdc37d399c2e560,
data/deeplure/handloom_sarees/img_987632.jpg,,handloom,,unknown,919,919,21d752ff6167eb426078c391b646b741,
